Workbook

Sheet VLANs
A1: VLAN | B1: Subnet | C1: Mascara | D1: Gateway | E1: Descripcion
A2: 2011 | B2: 10.150.11.0/24 | C2: 255.255.255.0 | D2: 10.150.11.254
A3: 2012 | B3: 10.150.12.0/24 | C3: 255.255.255.0 | D3: 10.150.12.254
A4: 3000 | B4: 10.150.0.0/26 | C4: 255.255.255.192 | D4: 10.150.0.62
A5: 3001 | B5: 10.150.0.64/26 | C5: 255.255.255.192 | D5: 10.150.0.126
A6: 3002 | B6: 10.150.0.128/26 | C6: 255.255.255.192 | D6: 10.150.0.190
A7: 3003 | B7: 10.150.0.192/26 | C7: 255.255.255.192 | D7: 10.150.0.254
A8: 3004 | B8: 10.150.1.0/26 | C8: 255.255.255.192 | D8: 10.150.1.62
A9: 3005 | B9: 10.150.1.64/26 | C9: 255.255.255.192 | D9: 10.150.1.126
A10: 3006 | B10: 10.150.1.128/26 | C10: 255.255.255.192 | D10: 10.150.1.190
A11: 3007 | B11: 10.150.2.0/26 | C11: 255.255.255.192 | D11: 10.150.2.62
A12: 3008 | B12: 10.150.2.64/26 | C12: 255.255.255.192 | D12: 10.150.2.126
A13: 3009 | B13: 10.150.2.128/26 | C13: 255.255.255.192 | D13: 10.150.2.190
... A38: 3334 | B38: 10.150.3.192/26 | C38: 255.255.255.192 | D38: 10.150.3.254

Sheet Servidores
A1: Host | B1: Descripcion | C1: Ambiente | D1: Cluster | E1: IP | F1: VLAN | G1: Subnet | H1: Gateway | I1: Mascara | J1: Observaciones
A2: ADCPF5LTMDMZ02 | B2: F5 DMZ QA | C2: QA | D2: VDCPVCAOTCLPR10 | E2: 10.150.5.131 | F2: 3020 | G2: =VLOOKUP(F2,VLANs!A:E,2,FALSE) -> 10.150.5.128/26 | H2: =VLOOKUP(F2,VLANs!A:E,4,FALSE) -> 10.150.5.190 | I2: =VLOOKUP(F2,VLANs!A:E,3,FALSE) -> 255.255.255.192
A3: ADCPF5LTMDMZ02 | B3: F5 DMZ QA | C3: QA | D3: VDCPVCAOTCLPR10 | E3: 10.150.7.87 | F3: 3027 | G3: =VLOOKUP(F3,VLANs!A:E,2,FALSE) -> 10.150.7.64/26 | H3: =VLOOKUP(F3,VLANs!A:E,4,FALSE) -> 10.150.7.126 | I3: =VLOOKUP(F3,VLANs!A:E,3,FALSE) -> 255.255.255.192
A4: ADCPF5LTMLBPR02 | B4: F5 | C4: PROD | D4: VDCPVCAOTCLPR10 | E4: 10.150.1.194 | F4: 3333 | G4: =VLOOKUP(F4,VLANs!A:E,2,FALSE) -> 10.150.1.192/26 | H4: =VLOOKUP(F4,VLANs!A:E,4,FALSE) -> 10.150.1.254 | I4: =VLOOKUP(F4,VLANs!A:E,3,FALSE) -> 255.255.255.192
A5: ADCPF5LTMLBPR02 | B5: F5 | C5: PROD | D5: VDCPVCAOTCLPR10 | E5: 10.150.2.122 | F5: 3008 | G5: =VLOOKUP(F5,VLANs!A:E,2,FALSE) -> 10.150.2.64/26 | H5: =VLOOKUP(F5,VLANs!A:E,4,FALSE) -> 10.150.2.126 | I5: =VLOOKUP(F5,VLANs!A:E,3,FALSE) -> 255.255.255.192
A6: ADCPF5LTMLBPR02 | C6: PROD | D6: VDCPVCAOTCLPR10 | E6: 10.150.8.102 | F6: 3030 | G6: =VLOOKUP(F6,VLANs!A:E,2,FALSE) -> 10.150.8.0/24 | H6: =VLOOKUP(F6,VLANs!A:E,4,FALSE) -> 10.150.8.254 | I6: =VLOOKUP(F6,VLANs!A:E,3,FALSE) -> 255.255.255.0
A7: ADCPF5LTMLBQA02 | B7: F5 | C7: QA | D7: VDCPVCAOTCLPR10 | E7: 10.150.1.196 | F7: 3333 | G7: =VLOOKUP(F7,VLANs!A:E,2,FALSE) -> 10.150.1.192/26 | H7: =VLOOKUP(F7,VLANs!A:E,4,FALSE) -> 10.150.1.254 | I7: =VLOOKUP(F7,VLANs!A:E,3,FALSE) -> 255.255.255.192
A8: ADCPF5LTMLBQA02 | B8: F5 | C8: QA | D8: VDCPVCAOTCLPR10 | E8: 10.150.4.6 | F8: 3014 | G8: =VLOOKUP(F8,VLANs!A:E,2,FALSE) -> 10.150.4.0/26 | H8: =VLOOKUP(F8,VLANs!A:E,4,FALSE) -> 10.150.4.62 | I8: =VLOOKUP(F8,VLANs!A:E,3,FALSE) -> 255.255.255.192
A9: ADCPF5LTMLBQA02 | C9: QA | D9: VDCPVCAOTCLPR10 | E9: 10.150.9.6 | F9: 3031 | G9: =VLOOKUP(F9,VLANs!A:E,2,FALSE) -> 10.150.9.0/24 | H9: =VLOOKUP(F9,VLANs!A:E,4,FALSE) -> 10.150.9.254 | I9: =VLOOKUP(F9,VLANs!A:E,3,FALSE) -> 255.255.255.0
A10: ATROF5LTMDMZ01 | C10: PROD | D10: VDCPVCAOTCLPR10 | E10: 10.150.5.68 | F10: 3019 | G10: =VLOOKUP(F10,VLANs!A:E,2,FALSE) -> 10.150.5.64/26 | H10: =VLOOKUP(F10,VLANs!A:E,4,FALSE) -> 10.150.5.126 | I10: =VLOOKUP(F10,VLANs!A:E,3,FALSE) -> 255.255.255.192
A11: ATROF5LTMDMZ01 | B11: F5 | C11: PROD | D11: VDCPVCAOTCLPR10 | E11: 10.150.6.67 | F11: 3023 | G11: =VLOOKUP(F11,VLANs!A:E,2,FALSE) -> 10.150.6.64/26 | H11: =VLOOKUP(F11,VLANs!A:E,4,FALSE) -> 10.150.6.126 | I11: =VLOOKUP(F11,VLANs!A:E,3,FALSE) -> 255.255.255.192
A12: ATROF5LTMDMZ01 | B12: F5 DMZ QA | C12: QA | D12: VDCPVCAOTCLPR10 | E12: 10.150.7.86 | F12: 3027 | G12: =VLOOKUP(F12,VLANs!A:E,2,FALSE) -> 10.150.7.64/26 | H12: =VLOOKUP(F12,VLANs!A:E,4,FALSE) -> 10.150.7.126 | I12: =VLOOKUP(F12,VLANs!A:E,3,FALSE) -> 255.255.255.192
A13: ATROF5LTMDMZ01 | B13: F5 DMZ QA | C13: QA | D13: VDCPVCAOTCLPR10 | E13: 10.150.5.130 | F13: 3020 | G13: =VLOOKUP(F13,VLANs!A:E,2,FALSE) -> 10.150.5.128/26 | H13: =VLOOKUP(F13,VLANs!A:E,4,FALSE) -> 10.150.5.190 | I13: =VLOOKUP(F13,VLANs!A:E,3,FALSE) -> 255.255.255.192
A14: ATROF5LTMDMZ02 | B14: F5 DMZ PR | C14: PROD | D14: VDCPVCAOTCLPR10 | E14: 10.150.5.80 | F14: 3019 | G14: =VLOOKUP(F14,VLANs!A:E,2,FALSE) -> 10.150.5.64/26 | H14: =VLOOKUP(F14,VLANs!A:E,4,FALSE) -> 10.150.5.126 | I14: =VLOOKUP(F14,VLANs!A:E,3,FALSE) -> 255.255.255.192
A15: ATROF5LTMDMZ02 | B15: F5 | C15: PROD | D15: VDCPVCAOTCLPR10 | E15: 10.150.6.68 | F15: 3023 | G15: =VLOOKUP(F15,VLANs!A:E,2,FALSE) -> 10.150.6.64/26 | H15: =VLOOKUP(F15,VLANs!A:E,4,FALSE) -> 10.150.6.126 | I15: =VLOOKUP(F15,VLANs!A:E,3,FALSE) -> 255.255.255.192
A16: ATROF5LTMDMZ02 | B16: es Un nateo, que va de la 10.150.2.78 --> 10.150.6.80 | C16: PROD | D16: VDCPVCAOTCLPR10 | E16: 10.150.6.80 | F16: 3023 | G16: =VLOOKUP(F16,VLANs!A:E,2,FALSE) -> 10.150.6.64/26 | H16: =VLOOKUP(F16,VLANs!A:E,4,FALSE) -> 10.150.6.126 | I16: =VLOOKUP(F16,VLANs!A:E,3,FALSE) -> 255.255.255.192
A17: ATROF5LTMLBPR01 | B17: F5 | C17: PROD | D17: VDCPVCAOTCLPR10 | E17: 10.150.1.193 | F17: 3333 | G17: =VLOOKUP(F17,VLANs!A:E,2,FALSE) -> 10.150.1.192/26 | H17: =VLOOKUP(F17,VLANs!A:E,4,FALSE) -> 10.150.1.254 | I17: =VLOOKUP(F17,VLANs!A:E,3,FALSE) -> 255.255.255.192
A18: ATROF5LTMLBPR01 | B18: Balanceador | C18: PROD | D18: VDCPVCAOTCLPR10 | E18: 10.150.2.11 | F18: 3007 | G18: =VLOOKUP(F18,VLANs!A:E,2,FALSE) -> 10.150.2.0/26 | H18: =VLOOKUP(F18,VLANs!A:E,4,FALSE) -> 10.150.2.62 | I18: =VLOOKUP(F18,VLANs!A:E,3,FALSE) -> 255.255.255.192
A19: ATROF5LTMLBPR01 | B19: F5 | C19: PROD | D19: VDCPVCAOTCLPR10 | E19: 10.150.5.21 | F19: 3018 | G19: =VLOOKUP(F19,VLANs!A:E,2,FALSE) -> 10.150.5.0/26 | H19: =VLOOKUP(F19,VLANs!A:E,4,FALSE) -> 10.150.5.62 | I19: =VLOOKUP(F19,VLANs!A:E,3,FALSE) -> 255.255.255.192
A20: ATROF5LTMLBPR01 | C20: PROD | D20: VDCPVCAOTCLPR10 | E20: 10.150.8.101 | F20: 3030 | G20: =VLOOKUP(F20,VLANs!A:E,2,FALSE) -> 10.150.8.0/24 | H20: =VLOOKUP(F20,VLANs!A:E,4,FALSE) -> 10.150.8.254 | I20: =VLOOKUP(F20,VLANs!A:E,3,FALSE) -> 255.255.255.0
A21: ATROF5LTMLBPR02 | B21: F5 | C21: PROD | D21: VDCPVCAOTCLPR10 | E21: 10.150.5.22 | F21: 3018 | G21: =VLOOKUP(F21,VLANs!A:E,2,FALSE) -> 10.150.5.0/26 | H21: =VLOOKUP(F21,VLANs!A:E,4,FALSE) -> 10.150.5.62 | I21: =VLOOKUP(F21,VLANs!A:E,3,FALSE) -> 255.255.255.192
A22: ATROF5LTMLBQA01 | B22: F5 | C22: QA | D22: VDCPVCAOTCLPR10 | E22: 10.150.1.195 | F22: 3333 | G22: =VLOOKUP(F22,VLANs!A:E,2,FALSE) -> 10.150.1.192/26 | H22: =VLOOKUP(F22,VLANs!A:E,4,FALSE) -> 10.150.1.254 | I22: =VLOOKUP(F22,VLANs!A:E,3,FALSE) -> 255.255.255.192
A23: ATROF5LTMLBQA01 | B23: F5 | C23: QA | D23: VDCPVCAOTCLPR10 | E23: 10.150.4.4 | F23: 3014 | G23: =VLOOKUP(F23,VLANs!A:E,2,FALSE) -> 10.150.4.0/26 | H23: =VLOOKUP(F23,VLANs!A:E,4,FALSE) -> 10.150.4.62 | I23: =VLOOKUP(F23,VLANs!A:E,3,FALSE) -> 255.255.255.192
A24: ATROF5LTMLBQA01 | C24: QA | D24: VDCPVCAOTCLPR10 | E24: 10.150.9.4 | F24: 3031 | G24: =VLOOKUP(F24,VLANs!A:E,2,FALSE) -> 10.150.9.0/24 | H24: =VLOOKUP(F24,VLANs!A:E,4,FALSE) -> 10.150.9.254 | I24: =VLOOKUP(F24,VLANs!A:E,3,FALSE) -> 255.255.255.0
A25: ATROQUALYGWPR01 | B25: Qualys | C25: PROD | D25: VDCPVCAOTCLPR10 | E25: 10.150.5.110 | F25: 3019 | G25: =VLOOKUP(F25,VLANs!A:E,2,FALSE) -> 10.150.5.64/26 | H25: =VLOOKUP(F25,VLANs!A:E,4,FALSE) -> 10.150.5.126 | I25: =VLOOKUP(F25,VLANs!A:E,3,FALSE) -> 255.255.255.192
A26: F5VIRTUALAP-QA | B26: Interfaz F5 Red OT-QA-F5 | C26: QA | D26: VDCPVCAOTCLPR10 | E26: 10.150.9.1 | F26: 3031 | G26: =VLOOKUP(F26,VLANs!A:E,2,FALSE) -> 10.150.9.0/24 | H26: =VLOOKUP(F26,VLANs!A:E,4,FALSE) -> 10.150.9.254 | I26: =VLOOKUP(F26,VLANs!A:E,3,FALSE) -> 255.255.255.0
A27: LDCPCLIQCAPOT01 | C27: PROD | D27: VDCPVCAOTCLPR10 | E27: 10.150.5.84 | F27: 3019 | G27: =VLOOKUP(F27,VLANs!A:E,2,FALSE) -> 10.150.5.64/26 | H27: =VLOOKUP(F27,VLANs!A:E,4,FALSE) -> 10.150.5.126 | I27: =VLOOKUP(F27,VLANs!A:E,3,FALSE) -> 255.255.255.192
A28: LDCPCMTFAPPP02 | B28: IDMS-MT PP - Cirion | C28: QA | D28: VDCPVCAOTCLPR10 | E28: 10.150.4.229 | F28: 3017 | G28: =VLOOKUP(F28,VLANs!A:E,2,FALSE) -> 10.150.4.192/26 | H28: =VLOOKUP(F28,VLANs!A:E,4,FALSE) -> 10.150.4.254 | I28: =VLOOKUP(F28,VLANs!A:E,3,FALSE) -> 255.255.255.192
A29: LDCPCMTFAPPR02 | B29: IDMS-MT PROD - Cirion | C29: PROD | D29: VDCPVCAOTCLPR10 | E29: 10.150.2.217 | F29: 3010 | G29: =VLOOKUP(F29,VLANs!A:E,2,FALSE) -> 10.150.2.192/26 | H29: =VLOOKUP(F29,VLANs!A:E,4,FALSE) -> 10.150.2.254 | I29: =VLOOKUP(F29,VLANs!A:E,3,FALSE) -> 255.255.255.192
A30: LDCPCMTFAPQA02 | B30: IDMS-MT QA - Cirion | C30: QA | D30: VDCPVCAOTCLPR10 | E30: 10.150.4.221 | F30: 3017 | G30: =VLOOKUP(F30,VLANs!A:E,2,FALSE) -> 10.150.4.192/26 | H30: =VLOOKUP(F30,VLANs!A:E,4,FALSE) -> 10.150.4.254 | I30: =VLOOKUP(F30,VLANs!A:E,3,FALSE) -> 255.255.255.192
A31: LDCPCMTIAPPP02 | B31: Interfaz Despacho MT-PP Cirion | C31: QA | D31: VDCPVCAOTCLPR10 | E31: 10.150.7.105 | F31: 3027 | G31: =VLOOKUP(F31,VLANs!A:E,2,FALSE) -> 10.150.7.64/26 | H31: =VLOOKUP(F31,VLANs!A:E,4,FALSE) -> 10.150.7.126 | I31: =VLOOKUP(F31,VLANs!A:E,3,FALSE) -> 255.255.255.192
A32: LDCPCMTIAPPR02 | B32: Interfaz Despacho MT-PR Cirion | C32: PROD | D32: VDCPVCAOTCLPR10 | E32: 10.150.6.103 | F32: 3023 | G32: =VLOOKUP(F32,VLANs!A:E,2,FALSE) -> 10.150.6.64/26 | H32: =VLOOKUP(F32,VLANs!A:E,4,FALSE) -> 10.150.6.126 | I32: =VLOOKUP(F32,VLANs!A:E,3,FALSE) -> 255.255.255.192
A33: LDCPCMTIAPQA02 | B33: Interfaz Despacho MT-QA Cirion | C33: QA | D33: VDCPVCAOTCLPR10 | E33: 10.150.7.107 | F33: 3027 | G33: =VLOOKUP(F33,VLANs!A:E,2,FALSE) -> 10.150.7.64/26 | H33: =VLOOKUP(F33,VLANs!A:E,4,FALSE) -> 10.150.7.126 | I33: =VLOOKUP(F33,VLANs!A:E,3,FALSE) -> 255.255.255.192
A34: LDCPCMTISAPPP02 | B34: Interfaz SCADA-MT PP - Cirion | C34: QA | D34: VDCPVCAOTCLPR10 | E34: 10.150.4.235 | F34: 3017 | G34: =VLOOKUP(F34,VLANs!A:E,2,FALSE) -> 10.150.4.192/26 | H34: =VLOOKUP(F34,VLANs!A:E,4,FALSE) -> 10.150.4.254 | I34: =VLOOKUP(F34,VLANs!A:E,3,FALSE) -> 255.255.255.192
A35: LDCPCMTISAPPR02 | B35: Interfaz SCADA-MT PROD - Cirion | C35: PROD | D35: VDCPVCAOTCLPR10 | E35: 10.150.2.221 | F35: 3010 | G35: =VLOOKUP(F35,VLANs!A:E,2,FALSE) -> 10.150.2.192/26 | H35: =VLOOKUP(F35,VLANs!A:E,4,FALSE) -> 10.150.2.254 | I35: =VLOOKUP(F35,VLANs!A:E,3,FALSE) -> 255.255.255.192
A36: LDCPCMTISAPQA02 | B36: Interfaz SCADA-MT QA - Cirion | C36: QA | D36: VDCPVCAOTCLPR10 | E36: 10.150.4.227 | F36: 3017 | G36: =VLOOKUP(F36,VLANs!A:E,2,FALSE) -> 10.150.4.192/26 | H36: =VLOOKUP(F36,VLANs!A:E,4,FALSE) -> 10.150.4.254 | I36: =VLOOKUP(F36,VLANs!A:E,3,FALSE) -> 255.255.255.192
A37: LDCPCMTSAPPP02 | B37: Cromo Red - MT PP - Cirion | C37: QA | D37: VDCPVCAOTCLPR10 | E37: 10.150.4.233 | F37: 3017 | G37: =VLOOKUP(F37,VLANs!A:E,2,FALSE) -> 10.150.4.192/26 | H37: =VLOOKUP(F37,VLANs!A:E,4,FALSE) -> 10.150.4.254 | I37: =VLOOKUP(F37,VLANs!A:E,3,FALSE) -> 255.255.255.192
A38: LDCPCMTSAPPR02 | B38: Cromo Red - MT PROD - Cirion | C38: PROD | D38: VDCPVCAOTCLPR10 | E38: 10.150.2.219 | F38: 3010 | G38: =VLOOKUP(F38,VLANs!A:E,2,FALSE) -> 10.150.2.192/26 | H38: =VLOOKUP(F38,VLANs!A:E,4,FALSE) -> 10.150.2.254 | I38: =VLOOKUP(F38,VLANs!A:E,3,FALSE) -> 255.255.255.192
A39: LDCPCMTSAPQA02 | B39: Cromo Red - MT QA - Cirion | C39: QA | D39: VDCPVCAOTCLPR10 | E39: 10.150.4.225 | F39: 3017 | G39: =VLOOKUP(F39,VLANs!A:E,2,FALSE) -> 10.150.4.192/26 | H39: =VLOOKUP(F39,VLANs!A:E,4,FALSE) -> 10.150.4.254 | I39: =VLOOKUP(F39,VLANs!A:E,3,FALSE) -> 255.255.255.192
A40: LDCPNAGSCAPPR02 | B40: NAGIOS OT Cirion | C40: PROD | D40: VDCPVCAOTCLPR10 | E40: 10.150.5.51 | F40: 3018 | G40: =VLOOKUP(F40,VLANs!A:E,2,FALSE) -> 10.150.5.0/26 | H40: =VLOOKUP(F40,VLANs!A:E,4,FALSE) -> 10.150.5.62 | I40: =VLOOKUP(F40,VLANs!A:E,3,FALSE) -> 255.255.255.192
A41: LDCPVBROTPXPR11 | B41: Proxy Veeam OT – Cirion | D41: VDCPVCAOTCLPR10 | E41: 10.150.1.154 | F41: 3006 | G41: =VLOOKUP(F41,VLANs!A:E,2,FALSE) -> 10.150.1.128/26 | H41: =VLOOKUP(F41,VLANs!A:E,4,FALSE) -> 10.150.1.190 | I41: =VLOOKUP(F41,VLANs!A:E,3,FALSE) -> 255.255.255.192
A42: LDCPVBROTPXPR12 | B42: Proxy Veeam OT – Cirion | D42: VDCPVCAOTCLPR10 | E42: 10.150.1.155 | F42: 3006 | G42: =VLOOKUP(F42,VLANs!A:E,2,FALSE) -> 10.150.1.128/26 | H42: =VLOOKUP(F42,VLANs!A:E,4,FALSE) -> 10.150.1.190 | I42: =VLOOKUP(F42,VLANs!A:E,3,FALSE) -> 255.255.255.192
A43: LDCPVBROTPXPR13 | B43: Proxy Veeam OT – Cirion | D43: VDCPVCAOTCLPR10 | E43: 10.150.1.156 | F43: 3006 | G43: =VLOOKUP(F43,VLANs!A:E,2,FALSE) -> 10.150.1.128/26 | H43: =VLOOKUP(F43,VLANs!A:E,4,FALSE) -> 10.150.1.190 | I43: =VLOOKUP(F43,VLANs!A:E,3,FALSE) -> 255.255.255.192
A44: LDCPVBROTPXPR14 | B44: Proxy Veeam OT – Cirion | D44: VDCPVCAOTCLPR10 | E44: 10.150.1.157 | F44: 3006 | G44: =VLOOKUP(F44,VLANs!A:E,2,FALSE) -> 10.150.1.128/26 | H44: =VLOOKUP(F44,VLANs!A:E,4,FALSE) -> 10.150.1.190 | I44: =VLOOKUP(F44,VLANs!A:E,3,FALSE) -> 255.255.255.192
A45: LDCPZABOTPXPR01 | B45: ZABBIX PROXY | C45: PROD | D45: VDCPVCAOTCLPR10 | E45: 10.150.5.13 | F45: 3018 | G45: =VLOOKUP(F45,VLANs!A:E,2,FALSE) -> 10.150.5.0/26 | H45: =VLOOKUP(F45,VLANs!A:E,4,FALSE) -> 10.150.5.62 | I45: =VLOOKUP(F45,VLANs!A:E,3,FALSE) -> 255.255.255.192
A46: LTROCMTFAPPP01 | B46: IDMS-MT PP - Tronador | C46: QA | D46: VDCPVCAOTCLPR10 | E46: 10.150.4.228 | F46: 3017 | G46: =VLOOKUP(F46,VLANs!A:E,2,FALSE) -> 10.150.4.192/26 | H46: =VLOOKUP(F46,VLANs!A:E,4,FALSE) -> 10.150.4.254 | I46: =VLOOKUP(F46,VLANs!A:E,3,FALSE) -> 255.255.255.192
A47: LTROCMTFAPPR01 | B47: IDMS-MT PROD - Tronador | C47: PROD | D47: VDCPVCAOTCLPR10 | E47: 10.150.2.216 | F47: 3010 | G47: =VLOOKUP(F47,VLANs!A:E,2,FALSE) -> 10.150.2.192/26 | H47: =VLOOKUP(F47,VLANs!A:E,4,FALSE) -> 10.150.2.254 | I47: =VLOOKUP(F47,VLANs!A:E,3,FALSE) -> 255.255.255.192
A48: LTROCMTFAPQA01 | B48: IDMS-MT QA - Tronador | C48: QA | D48: VDCPVCAOTCLPR10 | E48: 10.150.4.220 | F48: 3017 | G48: =VLOOKUP(F48,VLANs!A:E,2,FALSE) -> 10.150.4.192/26 | H48: =VLOOKUP(F48,VLANs!A:E,4,FALSE) -> 10.150.4.254 | I48: =VLOOKUP(F48,VLANs!A:E,3,FALSE) -> 255.255.255.192
A49: LTROCMTIAPPP01 | B49: Interfaz Despacho MT-PP Tronador | C49: QA | D49: VDCPVCAOTCLPR10 | E49: 10.150.7.104 | F49: 3027 | G49: =VLOOKUP(F49,VLANs!A:E,2,FALSE) -> 10.150.7.64/26 | H49: =VLOOKUP(F49,VLANs!A:E,4,FALSE) -> 10.150.7.126 | I49: =VLOOKUP(F49,VLANs!A:E,3,FALSE) -> 255.255.255.192
A50: LTROCMTIAPPR01 | B50: Interfaz Despacho MT-PR Tronador | C50: PROD | D50: VDCPVCAOTCLPR10 | E50: 10.150.6.102 | F50: 3023 | G50: =VLOOKUP(F50,VLANs!A:E,2,FALSE) -> 10.150.6.64/26 | H50: =VLOOKUP(F50,VLANs!A:E,4,FALSE) -> 10.150.6.126 | I50: =VLOOKUP(F50,VLANs!A:E,3,FALSE) -> 255.255.255.192
A51: LTROCMTIAPQA01 | B51: Interfaz Despacho MT-QA Tronador | C51: QA | D51: VDCPVCAOTCLPR10 | E51: 10.150.7.106 | F51: 3027 | G51: =VLOOKUP(F51,VLANs!A:E,2,FALSE) -> 10.150.7.64/26 | H51: =VLOOKUP(F51,VLANs!A:E,4,FALSE) -> 10.150.7.126 | I51: =VLOOKUP(F51,VLANs!A:E,3,FALSE) -> 255.255.255.192
A52: LTROCMTISAPPP01 | B52: Interfaz SCADA-MT PP - Tronador | C52: QA | D52: VDCPVCAOTCLPR10 | E52: 10.150.4.234 | F52: 3017 | G52: =VLOOKUP(F52,VLANs!A:E,2,FALSE) -> 10.150.4.192/26 | H52: =VLOOKUP(F52,VLANs!A:E,4,FALSE) -> 10.150.4.254 | I52: =VLOOKUP(F52,VLANs!A:E,3,FALSE) -> 255.255.255.192
A53: LTROCMTISAPPR01 | B53: Interfaz SCADA-MT PROD - Tronador | C53: PROD | D53: VDCPVCAOTCLPR10 | E53: 10.150.2.220 | F53: 3010 | G53: =VLOOKUP(F53,VLANs!A:E,2,FALSE) -> 10.150.2.192/26 | H53: =VLOOKUP(F53,VLANs!A:E,4,FALSE) -> 10.150.2.254 | I53: =VLOOKUP(F53,VLANs!A:E,3,FALSE) -> 255.255.255.192
A54: LTROCMTISAPQA01 | B54: Interfaz SCADA-MT QA- Tronador | C54: QA | D54: VDCPVCAOTCLPR10 | E54: 10.150.4.226 | F54: 3017 | G54: =VLOOKUP(F54,VLANs!A:E,2,FALSE) -> 10.150.4.192/26 | H54: =VLOOKUP(F54,VLANs!A:E,4,FALSE) -> 10.150.4.254 | I54: =VLOOKUP(F54,VLANs!A:E,3,FALSE) -> 255.255.255.192
A55: LTROCMTSAPPP01 | B55: Cromo Red - MT PP - Tronador | C55: QA | D55: VDCPVCAOTCLPR10 | E55: 10.150.4.232 | F55: 3017 | G55: =VLOOKUP(F55,VLANs!A:E,2,FALSE) -> 10.150.4.192/26 | H55: =VLOOKUP(F55,VLANs!A:E,4,FALSE) -> 10.150.4.254 | I55: =VLOOKUP(F55,VLANs!A:E,3,FALSE) -> 255.255.255.192
A56: LTROCMTSAPPR01 | B56: Cromo Red - MT PROD - Tronador | C56: PROD | D56: VDCPVCAOTCLPR10 | E56: 10.150.2.218 | F56: 3010 | G56: =VLOOKUP(F56,VLANs!A:E,2,FALSE) -> 10.150.2.192/26 | H56: =VLOOKUP(F56,VLANs!A:E,4,FALSE) -> 10.150.2.254 | I56: =VLOOKUP(F56,VLANs!A:E,3,FALSE) -> 255.255.255.192
... A59: LTRODEPSVSKPR01 | B59: Splunk Deployment Server | C59: PROD | D59: VDCPVCAOTCLPR10 | E59: 10.150.6.134 | F59: 3024 | G59: =VLOOKUP(F59,VLANs!A:E,2,FALSE) -> 10.150.6.128/26 | H59: =VLOOKUP(F59,VLANs!A:E,4,FALSE) -> 10.150.6.190 | I59: =VLOOKUP(F59,VLANs!A:E,3,FALSE) -> 255.255.255.192
A60: LTROF5OTSYPR01 | C60: PROD | D60: VDCPVCAOTCLPR10 | E60: 10.150.5.12 | F60: 3018 | G60: =VLOOKUP(F60,VLANs!A:E,2,FALSE) -> 10.150.5.0/26 | H60: =VLOOKUP(F60,VLANs!A:E,4,FALSE) -> 10.150.5.62 | I60: =VLOOKUP(F60,VLANs!A:E,3,FALSE) -> 255.255.255.192
A61: LTROHFSKPR01 | B61: Splunk Heavy Forwarder 01 | C61: PROD | D61: VDCPVCAOTCLPR10 | E61: 10.150.6.138 | F61: 3024 | G61: =VLOOKUP(F61,VLANs!A:E,2,FALSE) -> 10.150.6.128/26 | H61: =VLOOKUP(F61,VLANs!A:E,4,FALSE) -> 10.150.6.190 | I61: =VLOOKUP(F61,VLANs!A:E,3,FALSE) -> 255.255.255.192
A62: LTROHFSKPR02 | B62: Splunk Heavy Forwarder 02 | C62: PROD | D62: VDCPVCAOTCLPR10 | E62: 10.150.6.139 | F62: 3024 | G62: =VLOOKUP(F62,VLANs!A:E,2,FALSE) -> 10.150.6.128/26 | H62: =VLOOKUP(F62,VLANs!A:E,4,FALSE) -> 10.150.6.190 | I62: =VLOOKUP(F62,VLANs!A:E,3,FALSE) -> 255.255.255.192
A63: LTROINDEXSKPR01 | B63: Splunk Indexer 01 | C63: PROD | D63: VDCPVCAOTCLPR10 | E63: 10.150.6.130 | F63: 3024 | G63: =VLOOKUP(F63,VLANs!A:E,2,FALSE) -> 10.150.6.128/26 | H63: =VLOOKUP(F63,VLANs!A:E,4,FALSE) -> 10.150.6.190 | I63: =VLOOKUP(F63,VLANs!A:E,3,FALSE) -> 255.255.255.192
A64: LTROINDEXSKPR02 | B64: Splunk Indexer 02 | C64: PROD | D64: VDCPVCAOTCLPR10 | E64: 10.150.6.131 | F64: 3024 | G64: =VLOOKUP(F64,VLANs!A:E,2,FALSE) -> 10.150.6.128/26 | H64: =VLOOKUP(F64,VLANs!A:E,4,FALSE) -> 10.150.6.190 | I64: =VLOOKUP(F64,VLANs!A:E,3,FALSE) -> 255.255.255.192
A65: LTROINDEXSKPR03 | B65: Splunk Indexer 03 | C65: PROD | D65: VDCPVCAOTCLPR10 | E65: 10.150.6.132 | F65: 3024 | G65: =VLOOKUP(F65,VLANs!A:E,2,FALSE) -> 10.150.6.128/26 | H65: =VLOOKUP(F65,VLANs!A:E,4,FALSE) -> 10.150.6.190 | I65: =VLOOKUP(F65,VLANs!A:E,3,FALSE) -> 255.255.255.192
A66: LTROMCNSKPR01 | B66: Splunk Master Node | C66: PROD | D66: VDCPVCAOTCLPR10 | E66: 10.150.6.129 | F66: 3024 | G66: =VLOOKUP(F66,VLANs!A:E,2,FALSE) -> 10.150.6.128/26 | H66: =VLOOKUP(F66,VLANs!A:E,4,FALSE) -> 10.150.6.190 | I66: =VLOOKUP(F66,VLANs!A:E,3,FALSE) -> 255.255.255.192
A67: LTRONAGSCAPPR01 | B67: NAGIOS OT Tronador | C67: PROD | D67: VTROVCAOTCLPR20 | E67: 10.150.5.50 | F67: 3018 | G67: =VLOOKUP(F67,VLANs!A:E,2,FALSE) -> 10.150.5.0/26 | H67: =VLOOKUP(F67,VLANs!A:E,4,FALSE) -> 10.150.5.62 | I67: =VLOOKUP(F67,VLANs!A:E,3,FALSE) -> 255.255.255.192
A68: LTROSCADACVPR01 | C68: PROD | D68: VDCPVCAOTCLPR10 | E68: 10.150.5.30 | F68: 3018 | G68: =VLOOKUP(F68,VLANs!A:E,2,FALSE) -> 10.150.5.0/26 | H68: =VLOOKUP(F68,VLANs!A:E,4,FALSE) -> 10.150.5.62 | I68: =VLOOKUP(F68,VLANs!A:E,3,FALSE) -> 255.255.255.192
A69: LTROSCADAFSPR01 | B69: FTP SCADA DMZ PR | C69: PROD | D69: VDCPVCAOTCLPR10 | E69: 10.150.6.110 | F69: 3023 | G69: =VLOOKUP(F69,VLANs!A:E,2,FALSE) -> 10.150.6.64/26 | H69: =VLOOKUP(F69,VLANs!A:E,4,FALSE) -> 10.150.6.126 | I69: =VLOOKUP(F69,VLANs!A:E,3,FALSE) -> 255.255.255.192
A70: LTROSCGOTAPPR01 | C70: PROD | D70: VDCPVCAOTCLPR10 | E70: 10.150.5.83 | F70: 3019 | G70: =VLOOKUP(F70,VLANs!A:E,2,FALSE) -> 10.150.5.64/26 | H70: =VLOOKUP(F70,VLANs!A:E,4,FALSE) -> 10.150.5.126 | I70: =VLOOKUP(F70,VLANs!A:E,3,FALSE) -> 255.255.255.192
A71: LTROSCPSMPAPPR01 | C71: PROD | D71: VDCPVCAOTCLPR10 | E71: 10.150.5.79 | F71: 3019 | G71: =VLOOKUP(F71,VLANs!A:E,2,FALSE) -> 10.150.5.64/26 | H71: =VLOOKUP(F71,VLANs!A:E,4,FALSE) -> 10.150.5.126 | I71: =VLOOKUP(F71,VLANs!A:E,3,FALSE) -> 255.255.255.192
A72: LTROSHSKPR01 | B72: Splunk Search Head 01 | C72: PROD | D72: VDCPVCAOTCLPR10 | E72: 10.150.6.135 | F72: 3024 | G72: =VLOOKUP(F72,VLANs!A:E,2,FALSE) -> 10.150.6.128/26 | H72: =VLOOKUP(F72,VLANs!A:E,4,FALSE) -> 10.150.6.190 | I72: =VLOOKUP(F72,VLANs!A:E,3,FALSE) -> 255.255.255.192
A73: LTROSHSKPR02 | B73: Splunk Search Head 02 | C73: PROD | D73: VDCPVCAOTCLPR10 | E73: 10.150.6.136 | F73: 3024 | G73: =VLOOKUP(F73,VLANs!A:E,2,FALSE) -> 10.150.6.128/26 | H73: =VLOOKUP(F73,VLANs!A:E,4,FALSE) -> 10.150.6.190 | I73: =VLOOKUP(F73,VLANs!A:E,3,FALSE) -> 255.255.255.192
A74: LTROSHSKPR03 | B74: Splunk Search Head 03 | C74: PROD | D74: VDCPVCAOTCLPR10 | E74: 10.150.6.137 | F74: 3024 | G74: =VLOOKUP(F74,VLANs!A:E,2,FALSE) -> 10.150.6.128/26 | H74: =VLOOKUP(F74,VLANs!A:E,4,FALSE) -> 10.150.6.190 | I74: =VLOOKUP(F74,VLANs!A:E,3,FALSE) -> 255.255.255.192
A75: LTROVBROTPXPR21 | B75: Proxy Veeam OT – Tronador | D75: VTROVCAOTCLPR20 | E75: 10.150.1.178 | F75: 3006 | G75: =VLOOKUP(F75,VLANs!A:E,2,FALSE) -> 10.150.1.128/26 | H75: =VLOOKUP(F75,VLANs!A:E,4,FALSE) -> 10.150.1.190 | I75: =VLOOKUP(F75,VLANs!A:E,3,FALSE) -> 255.255.255.192
A76: LTROVBROTPXPR22 | B76: Proxy Veeam OT – Tronador | D76: VTROVCAOTCLPR20 | E76: 10.150.1.179 | F76: 3006 | G76: =VLOOKUP(F76,VLANs!A:E,2,FALSE) -> 10.150.1.128/26 | H76: =VLOOKUP(F76,VLANs!A:E,4,FALSE) -> 10.150.1.190 | I76: =VLOOKUP(F76,VLANs!A:E,3,FALSE) -> 255.255.255.192
A77: LTROVBROTPXPR23 | B77: Proxy Veeam OT – Tronador | D77: VTROVCAOTCLPR20 | E77: 10.150.1.180 | F77: 3006 | G77: =VLOOKUP(F77,VLANs!A:E,2,FALSE) -> 10.150.1.128/26 | H77: =VLOOKUP(F77,VLANs!A:E,4,FALSE) -> 10.150.1.190 | I77: =VLOOKUP(F77,VLANs!A:E,3,FALSE) -> 255.255.255.192
A78: LTROVBROTPXPR24 | B78: Proxy Veeam OT – Tronador | D78: VTROVCAOTCLPR20 | E78: 10.150.1.181 | F78: 3006 | G78: =VLOOKUP(F78,VLANs!A:E,2,FALSE) -> 10.150.1.128/26 | H78: =VLOOKUP(F78,VLANs!A:E,4,FALSE) -> 10.150.1.190 | I78: =VLOOKUP(F78,VLANs!A:E,3,FALSE) -> 255.255.255.192
A79: LTROVBROTPXPR25 | B79: Proxy Veeam OT – Tronador | D79: VTROVCAOTCLPR20 | E79: 10.150.1.182 | F79: 3006 | G79: =VLOOKUP(F79,VLANs!A:E,2,FALSE) -> 10.150.1.128/26 | H79: =VLOOKUP(F79,VLANs!A:E,4,FALSE) -> 10.150.1.190 | I79: =VLOOKUP(F79,VLANs!A:E,3,FALSE) -> 255.255.255.192
A80: NTP | B80: GPS Telecomunicaciones | C80: PROD | D80: VDCPVCAOTCLPR10 | E80: 10.150.5.1 | F80: 3018 | G80: =VLOOKUP(F80,VLANs!A:E,2,FALSE) -> 10.150.5.0/26 | H80: =VLOOKUP(F80,VLANs!A:E,4,FALSE) -> 10.150.5.62 | I80: =VLOOKUP(F80,VLANs!A:E,3,FALSE) -> 255.255.255.192
A81: NTP secundario | C81: PROD | D81: VDCPVCAOTCLPR10 | E81: 10.150.5.2 | F81: 3018 | G81: =VLOOKUP(F81,VLANs!A:E,2,FALSE) -> 10.150.5.0/26 | H81: =VLOOKUP(F81,VLANs!A:E,4,FALSE) -> 10.150.5.62 | I81: =VLOOKUP(F81,VLANs!A:E,3,FALSE) -> 255.255.255.192
A82: PDSAD01 | B82: TLC | C82: PRE | D82: VDCPVCAOTCLPR10 | E82: 10.150.12.70 | F82: 2012 | G82: =VLOOKUP(F82,VLANs!A:E,2,FALSE) -> 10.150.12.0/24 | H82: =VLOOKUP(F82,VLANs!A:E,4,FALSE) -> 10.150.12.254 | I82: =VLOOKUP(F82,VLANs!A:E,3,FALSE) -> 255.255.255.0
A83: PDSAD02 | B83: TLC | C83: PRE | D83: VTROVCAOTCLPR20 | E83: 10.150.12.71 | F83: 2012 | G83: =VLOOKUP(F83,VLANs!A:E,2,FALSE) -> 10.150.12.0/24 | H83: =VLOOKUP(F83,VLANs!A:E,4,FALSE) -> 10.150.12.254 | I83: =VLOOKUP(F83,VLANs!A:E,3,FALSE) -> 255.255.255.0
A84: PDSAS01 | B84: TLC | C84: PRE | D84: VDCPVCAOTCLPR10 | E84: 10.150.12.74 | F84: 2012 | G84: =VLOOKUP(F84,VLANs!A:E,2,FALSE) -> 10.150.12.0/24 | H84: =VLOOKUP(F84,VLANs!A:E,4,FALSE) -> 10.150.12.254 | I84: =VLOOKUP(F84,VLANs!A:E,3,FALSE) -> 255.255.255.0
A85: PDSAS02 | B85: TLC | C85: PRE | D85: VTROVCAOTCLPR20 | E85: 10.150.12.75 | F85: 2012 | G85: =VLOOKUP(F85,VLANs!A:E,2,FALSE) -> 10.150.12.0/24 | H85: =VLOOKUP(F85,VLANs!A:E,4,FALSE) -> 10.150.12.254 | I85: =VLOOKUP(F85,VLANs!A:E,3,FALSE) -> 255.255.255.0
A86: PDSDE01 | B86: TLC | C86: PRE | D86: VDCPVCAOTCLPR10 | E86: 10.150.12.76 | F86: 2012 | G86: =VLOOKUP(F86,VLANs!A:E,2,FALSE) -> 10.150.12.0/24 | H86: =VLOOKUP(F86,VLANs!A:E,4,FALSE) -> 10.150.12.254 | I86: =VLOOKUP(F86,VLANs!A:E,3,FALSE) -> 255.255.255.0
A87: PDSHIS01 | B87: TLC | C87: PRE | D87: VDCPVCAOTCLPR10 | E87: 10.150.12.72 | F87: 2012 | G87: =VLOOKUP(F87,VLANs!A:E,2,FALSE) -> 10.150.12.0/24 | H87: =VLOOKUP(F87,VLANs!A:E,4,FALSE) -> 10.150.12.254 | I87: =VLOOKUP(F87,VLANs!A:E,3,FALSE) -> 255.255.255.0
A88: PDSHIS02 | B88: TLC | C88: PRE | D88: VTROVCAOTCLPR20 | E88: 10.150.12.73 | F88: 2012 | G88: =VLOOKUP(F88,VLANs!A:E,2,FALSE) -> 10.150.12.0/24 | H88: =VLOOKUP(F88,VLANs!A:E,4,FALSE) -> 10.150.12.254 | I88: =VLOOKUP(F88,VLANs!A:E,3,FALSE) -> 255.255.255.0
A89: PDSICCP01 | B89: TLC | C89: PRE | D89: VTROVCAOTCLPR20 | E89: 10.150.11.3 | F89: 2011 | G89: =VLOOKUP(F89,VLANs!A:E,2,FALSE) -> 10.150.11.0/24 | H89: =VLOOKUP(F89,VLANs!A:E,4,FALSE) -> 10.150.11.254 | I89: =VLOOKUP(F89,VLANs!A:E,3,FALSE) -> 255.255.255.0
A90: PDSPSE01 | B90: TLC | C90: PRE | D90: VTROVCAOTCLPR20 | E90: 10.150.12.77 | F90: 2012 | G90: =VLOOKUP(F90,VLANs!A:E,2,FALSE) -> 10.150.12.0/24 | H90: =VLOOKUP(F90,VLANs!A:E,4,FALSE) -> 10.150.12.254 | I90: =VLOOKUP(F90,VLANs!A:E,3,FALSE) -> 255.255.255.0
A91: PDSTCS01 | B91: TLC | C91: PRE | D91: VTROVCAOTCLPR20 | E91: 10.150.11.4 | F91: 2011 | G91: =VLOOKUP(F91,VLANs!A:E,2,FALSE) -> 10.150.11.0/24 | H91: =VLOOKUP(F91,VLANs!A:E,4,FALSE) -> 10.150.11.254 | I91: =VLOOKUP(F91,VLANs!A:E,3,FALSE) -> 255.255.255.0
A92: PRDAD01 | B92: Domain Controller ABB 01 - PRD | C92: PROD | D92: VDCPVCAOTCLPR10 | E92: 10.150.2.70 | F92: 3008 | G92: =VLOOKUP(F92,VLANs!A:E,2,FALSE) -> 10.150.2.64/26 | H92: =VLOOKUP(F92,VLANs!A:E,4,FALSE) -> 10.150.2.126 | I92: =VLOOKUP(F92,VLANs!A:E,3,FALSE) -> 255.255.255.192
A93: PRDAD02 | B93: Domain Controller ABB 02 - PRD | C93: PROD | D93: VTROVCAOTCLPR20 | E93: 10.150.2.71 | F93: 3008 | G93: =VLOOKUP(F93,VLANs!A:E,2,FALSE) -> 10.150.2.64/26 | H93: =VLOOKUP(F93,VLANs!A:E,4,FALSE) -> 10.150.2.126 | I93: =VLOOKUP(F93,VLANs!A:E,3,FALSE) -> 255.255.255.192
... A95: PRDAS02 | B95: SCADA APP Server - PRD | C95: PROD | D95: VTROVCAOTCLPR20 | E95: 10.150.2.75 | F95: 3008 | G95: =VLOOKUP(F95,VLANs!A:E,2,FALSE) -> 10.150.2.64/26 | H95: =VLOOKUP(F95,VLANs!A:E,4,FALSE) -> 10.150.2.126 | I95: =VLOOKUP(F95,VLANs!A:E,3,FALSE) -> 255.255.255.192
A96: PRDCONSOLE1 | B96: Responde ping pero no esta en Infra OT | C96: **** | E96: 10.150.20.1 | F96: 3100 | G96: =VLOOKUP(F96,VLANs!A:E,2,FALSE) -> 10.150.20.0/24 | H96: =VLOOKUP(F96,VLANs!A:E,4,FALSE) -> 10.150.20.254 | I96: =VLOOKUP(F96,VLANs!A:E,3,FALSE) -> 255.255.255.0
A97: PRDCONSOLE10 | B97: Responde ping pero no esta en Infra OT | C97: **** | E97: 10.150.20.10 | F97: 3100 | G97: =VLOOKUP(F97,VLANs!A:E,2,FALSE) -> 10.150.20.0/24 | H97: =VLOOKUP(F97,VLANs!A:E,4,FALSE) -> 10.150.20.254 | I97: =VLOOKUP(F97,VLANs!A:E,3,FALSE) -> 255.255.255.0
A98: PRDCONSOLE11 | B98: Responde ping pero no esta en Infra OT | C98: **** | E98: 10.150.20.11 | F98: 3100 | G98: =VLOOKUP(F98,VLANs!A:E,2,FALSE) -> 10.150.20.0/24 | H98: =VLOOKUP(F98,VLANs!A:E,4,FALSE) -> 10.150.20.254 | I98: =VLOOKUP(F98,VLANs!A:E,3,FALSE) -> 255.255.255.0
A99: PRDCONSOLE12 | B99: Responde ping pero no esta en Infra OT | C99: **** | E99: 10.150.20.12 | F99: 3100 | G99: =VLOOKUP(F99,VLANs!A:E,2,FALSE) -> 10.150.20.0/24 | H99: =VLOOKUP(F99,VLANs!A:E,4,FALSE) -> 10.150.20.254 | I99: =VLOOKUP(F99,VLANs!A:E,3,FALSE) -> 255.255.255.0
A100: PRDCONSOLE13 | B100: Responde ping pero no esta en Infra OT | C100: **** | E100: 10.150.20.13 | F100: 3100 | G100: =VLOOKUP(F100,VLANs!A:E,2,FALSE) -> 10.150.20.0/24 | H100: =VLOOKUP(F100,VLANs!A:E,4,FALSE) -> 10.150.20.254 | I100: =VLOOKUP(F100,VLANs!A:E,3,FALSE) -> 255.255.255.0
A101: PRDCONSOLE14 | B101: Responde ping pero no esta en Infra OT | C101: **** | E101: 10.150.20.14 | F101: 3100 | G101: =VLOOKUP(F101,VLANs!A:E,2,FALSE) -> 10.150.20.0/24 | H101: =VLOOKUP(F101,VLANs!A:E,4,FALSE) -> 10.150.20.254 | I101: =VLOOKUP(F101,VLANs!A:E,3,FALSE) -> 255.255.255.0
A102: PRDCONSOLE15 | B102: Responde ping pero no esta en Infra OT | C102: **** | E102: 10.150.20.15 | F102: 3100 | G102: =VLOOKUP(F102,VLANs!A:E,2,FALSE) -> 10.150.20.0/24 | H102: =VLOOKUP(F102,VLANs!A:E,4,FALSE) -> 10.150.20.254 | I102: =VLOOKUP(F102,VLANs!A:E,3,FALSE) -> 255.255.255.0
A103: PRDCONSOLE16 | B103: Responde ping pero no esta en Infra OT | C103: **** | E103: 10.150.20.16 | F103: 3100 | G103: =VLOOKUP(F103,VLANs!A:E,2,FALSE) -> 10.150.20.0/24 | H103: =VLOOKUP(F103,VLANs!A:E,4,FALSE) -> 10.150.20.254 | I103: =VLOOKUP(F103,VLANs!A:E,3,FALSE) -> 255.255.255.0
...

Sheet IPs_VLAN
A1: VLAN | B1: IP | C1: Estado | D1: Descripcion
A2: 2011 | B2: 10.150.11.1 | C2: =IF(COUNTIF(Servidores!E:E,B2)>0,"USADA","LIBRE") -> LIBRE
A3: 2011 | B3: 10.150.11.2 | C3: =IF(COUNTIF(Servidores!E:E,B3)>0,"USADA","LIBRE") -> LIBRE
A4: 2011 | B4: 10.150.11.3 | C4: =IF(COUNTIF(Servidores!E:E,B4)>0,"USADA","LIBRE") -> USADA
A5: 2011 | B5: 10.150.11.4 | C5: =IF(COUNTIF(Servidores!E:E,B5)>0,"USADA","LIBRE") -> USADA
A6: 2011 | B6: 10.150.11.5 | C6: =IF(COUNTIF(Servidores!E:E,B6)>0,"USADA","LIBRE") -> LIBRE
A7: 2011 | B7: 10.150.11.6 | C7: =IF(COUNTIF(Servidores!E:E,B7)>0,"USADA","LIBRE") -> LIBRE
A8: 2011 | B8: 10.150.11.7 | C8: =IF(COUNTIF(Servidores!E:E,B8)>0,"USADA","LIBRE") -> LIBRE
A9: 2011 | B9: 10.150.11.8 | C9: =IF(COUNTIF(Servidores!E:E,B9)>0,"USADA","LIBRE") -> LIBRE
A10: 2011 | B10: 10.150.11.9 | C10: =IF(COUNTIF(Servidores!E:E,B10)>0,"USADA","LIBRE") -> LIBRE
A11: 2011 | B11: 10.150.11.10 | C11: =IF(COUNTIF(Servidores!E:E,B11)>0,"USADA","LIBRE") -> LIBRE
A12: 2011 | B12: 10.150.11.11 | C12: =IF(COUNTIF(Servidores!E:E,B12)>0,"USADA","LIBRE") -> LIBRE
A13: 2011 | B13: 10.150.11.12 | C13: =IF(COUNTIF(Servidores!E:E,B13)>0,"USADA","LIBRE") -> LIBRE
... A570: 3000 | B570: 10.150.0.61 | C570: =IF(COUNTIF(Servidores!E:E,B570)>0,"USADA","LIBRE") -> LIBRE
A571: 3000 | B571: 10.150.0.62 | C571: =IF(COUNTIF(Servidores!E:E,B571)>0,"USADA","LIBRE") -> LIBRE | D571: Gateway
A572: 3000 | B572: 10.150.0.63 | C572: =IF(COUNTIF(Servidores!E:E,B572)>0,"USADA","LIBRE") -> LIBRE | D572: Broadcast
A573: 3001 | B573: 10.150.0.64 | C573: =IF(COUNTIF(Servidores!E:E,B573)>0,"USADA","LIBRE") -> LIBRE
A574: 3001 | B574: 10.150.0.65 | C574: =IF(COUNTIF(Servidores!E:E,B574)>0,"USADA","LIBRE") -> USADA
A575: 3001 | B575: 10.150.0.66 | C575: =IF(COUNTIF(Servidores!E:E,B575)>0,"USADA","LIBRE") -> USADA
A576: 3001 | B576: 10.150.0.67 | C576: =IF(COUNTIF(Servidores!E:E,B576)>0,"USADA","LIBRE") -> USADA
A577: 3001 | B577: 10.150.0.68 | C577: =IF(COUNTIF(Servidores!E:E,B577)>0,"USADA","LIBRE") -> USADA
A578: 3001 | B578: 10.150.0.69 | C578: =IF(COUNTIF(Servidores!E:E,B578)>0,"USADA","LIBRE") -> USADA
A579: 3001 | B579: 10.150.0.70 | C579: =IF(COUNTIF(Servidores!E:E,B579)>0,"USADA","LIBRE") -> LIBRE
A580: 3001 | B580: 10.150.0.71 | C580: =IF(COUNTIF(Servidores!E:E,B580)>0,"USADA","LIBRE") -> LIBRE
A581: 3001 | B581: 10.150.0.72 | C581: =IF(COUNTIF(Servidores!E:E,B581)>0,"USADA","LIBRE") -> LIBRE
A582: 3001 | B582: 10.150.0.73 | C582: =IF(COUNTIF(Servidores!E:E,B582)>0,"USADA","LIBRE") -> LIBRE
A583: 3001 | B583: 10.150.0.74 | C583: =IF(COUNTIF(Servidores!E:E,B583)>0,"USADA","LIBRE") -> LIBRE
A584: 3001 | B584: 10.150.0.75 | C584: =IF(COUNTIF(Servidores!E:E,B584)>0,"USADA","LIBRE") -> LIBRE
... A634: 3001 | B634: 10.150.0.125 | C634: =IF(COUNTIF(Servidores!E:E,B634)>0,"USADA","LIBRE") -> USADA
A635: 3001 | B635: 10.150.0.126 | C635: =IF(COUNTIF(Servidores!E:E,B635)>0,"USADA","LIBRE") -> LIBRE | D635: Gateway
A636: 3001 | B636: 10.150.0.127 | C636: =IF(COUNTIF(Servidores!E:E,B636)>0,"USADA","LIBRE") -> LIBRE | D636: Broadcast
A637: 3002 | B637: 10.150.0.128 | C637: =IF(COUNTIF(Servidores!E:E,B637)>0,"USADA","LIBRE") -> LIBRE
A638: 3002 | B638: 10.150.0.129 | C638: =IF(COUNTIF(Servidores!E:E,B638)>0,"USADA","LIBRE") -> LIBRE
A639: 3002 | B639: 10.150.0.130 | C639: =IF(COUNTIF(Servidores!E:E,B639)>0,"USADA","LIBRE") -> LIBRE
A640: 3002 | B640: 10.150.0.131 | C640: =IF(COUNTIF(Servidores!E:E,B640)>0,"USADA","LIBRE") -> LIBRE
A641: 3002 | B641: 10.150.0.132 | C641: =IF(COUNTIF(Servidores!E:E,B641)>0,"USADA","LIBRE") -> LIBRE
A642: 3002 | B642: 10.150.0.133 | C642: =IF(COUNTIF(Servidores!E:E,B642)>0,"USADA","LIBRE") -> LIBRE
A643: 3002 | B643: 10.150.0.134 | C643: =IF(COUNTIF(Servidores!E:E,B643)>0,"USADA","LIBRE") -> LIBRE
A644: 3002 | B644: 10.150.0.135 | C644: =IF(COUNTIF(Servidores!E:E,B644)>0,"USADA","LIBRE") -> LIBRE
A645: 3002 | B645: 10.150.0.136 | C645: =IF(COUNTIF(Servidores!E:E,B645)>0,"USADA","LIBRE") -> LIBRE
A646: 3002 | B646: 10.150.0.137 | C646: =IF(COUNTIF(Servidores!E:E,B646)>0,"USADA","LIBRE") -> LIBRE
A647: 3002 | B647: 10.150.0.138 | C647: =IF(COUNTIF(Servidores!E:E,B647)>0,"USADA","LIBRE") -> LIBRE
A648: 3002 | B648: 10.150.0.139 | C648: =IF(COUNTIF(Servidores!E:E,B648)>0,"USADA","LIBRE") -> LIBRE
... A698: 3002 | B698: 10.150.0.189 | C698: =IF(COUNTIF(Servidores!E:E,B698)>0,"USADA","LIBRE") -> LIBRE
A699: 3002 | B699: 10.150.0.190 | C699: =IF(COUNTIF(Servidores!E:E,B699)>0,"USADA","LIBRE") -> LIBRE | D699: Gateway
A700: 3002 | B700: 10.150.0.191 | C700: =IF(COUNTIF(Servidores!E:E,B700)>0,"USADA","LIBRE") -> LIBRE | D700: Broadcast
A701: 3003 | B701: 10.150.0.192 | C701: =IF(COUNTIF(Servidores!E:E,B701)>0,"USADA","LIBRE") -> LIBRE
A702: 3003 | B702: 10.150.0.193 | C702: =IF(COUNTIF(Servidores!E:E,B702)>0,"USADA","LIBRE") -> LIBRE
A703: 3003 | B703: 10.150.0.194 | C703: =IF(COUNTIF(Servidores!E:E,B703)>0,"USADA","LIBRE") -> LIBRE
A704: 3003 | B704: 10.150.0.195 | C704: =IF(COUNTIF(Servidores!E:E,B704)>0,"USADA","LIBRE") -> LIBRE
A705: 3003 | B705: 10.150.0.196 | C705: =IF(COUNTIF(Servidores!E:E,B705)>0,"USADA","LIBRE") -> LIBRE
A706: 3003 | B706: 10.150.0.197 | C706: =IF(COUNTIF(Servidores!E:E,B706)>0,"USADA","LIBRE") -> LIBRE
A707: 3003 | B707: 10.150.0.198 | C707: =IF(COUNTIF(Servidores!E:E,B707)>0,"USADA","LIBRE") -> LIBRE
A708: 3003 | B708: 10.150.0.199 | C708: =IF(COUNTIF(Servidores!E:E,B708)>0,"USADA","LIBRE") -> LIBRE
A709: 3003 | B709: 10.150.0.200 | C709: =IF(COUNTIF(Servidores!E:E,B709)>0,"USADA","LIBRE") -> LIBRE
A710: 3003 | B710: 10.150.0.201 | C710: =IF(COUNTIF(Servidores!E:E,B710)>0,"USADA","LIBRE") -> LIBRE
A711: 3003 | B711: 10.150.0.202 | C711: =IF(COUNTIF(Servidores!E:E,B711)>0,"USADA","LIBRE") -> LIBRE
A712: 3003 | B712: 10.150.0.203 | C712: =IF(COUNTIF(Servidores!E:E,B712)>0,"USADA","LIBRE") -> LIBRE
... A762: 3003 | B762: 10.150.0.253 | C762: =IF(COUNTIF(Servidores!E:E,B762)>0,"USADA","LIBRE") -> LIBRE
A763: 3003 | B763: 10.150.0.254 | C763: =IF(COUNTIF(Servidores!E:E,B763)>0,"USADA","LIBRE") -> LIBRE | D763: Gateway
A764: 3004 | B764: 10.150.1.1 | C764: =IF(COUNTIF(Servidores!E:E,B764)>0,"USADA","LIBRE") -> LIBRE
A765: 3004 | B765: 10.150.1.2 | C765: =IF(COUNTIF(Servidores!E:E,B765)>0,"USADA","LIBRE") -> LIBRE
A766: 3004 | B766: 10.150.1.3 | C766: =IF(COUNTIF(Servidores!E:E,B766)>0,"USADA","LIBRE") -> LIBRE
A767: 3004 | B767: 10.150.1.4 | C767: =IF(COUNTIF(Servidores!E:E,B767)>0,"USADA","LIBRE") -> LIBRE
A768: 3004 | B768: 10.150.1.5 | C768: =IF(COUNTIF(Servidores!E:E,B768)>0,"USADA","LIBRE") -> LIBRE
A769: 3004 | B769: 10.150.1.6 | C769: =IF(COUNTIF(Servidores!E:E,B769)>0,"USADA","LIBRE") -> LIBRE
A770: 3004 | B770: 10.150.1.7 | C770: =IF(COUNTIF(Servidores!E:E,B770)>0,"USADA","LIBRE") -> LIBRE
A771: 3004 | B771: 10.150.1.8 | C771: =IF(COUNTIF(Servidores!E:E,B771)>0,"USADA","LIBRE") -> LIBRE
A772: 3004 | B772: 10.150.1.9 | C772: =IF(COUNTIF(Servidores!E:E,B772)>0,"USADA","LIBRE") -> LIBRE
A773: 3004 | B773: 10.150.1.10 | C773: =IF(COUNTIF(Servidores!E:E,B773)>0,"USADA","LIBRE") -> LIBRE
A774: 3004 | B774: 10.150.1.11 | C774: =IF(COUNTIF(Servidores!E:E,B774)>0,"USADA","LIBRE") -> LIBRE
A775: 3004 | B775: 10.150.1.12 | C775: =IF(COUNTIF(Servidores!E:E,B775)>0,"USADA","LIBRE") -> LIBRE
... A824: 3004 | B824: 10.150.1.61 | C824: =IF(COUNTIF(Servidores!E:E,B824)>0,"USADA","LIBRE") -> LIBRE
A825: 3004 | B825: 10.150.1.62 | C825: =IF(COUNTIF(Servidores!E:E,B825)>0,"USADA","LIBRE") -> LIBRE | D825: Gateway
A826: 3004 | B826: 10.150.1.63 | C826: =IF(COUNTIF(Servidores!E:E,B826)>0,"USADA","LIBRE") -> LIBRE | D826: Broadcast
A827: 3005 | B827: 10.150.1.64 | C827: =IF(COUNTIF(Servidores!E:E,B827)>0,"USADA","LIBRE") -> LIBRE
A828: 3005 | B828: 10.150.1.65 | C828: =IF(COUNTIF(Servidores!E:E,B828)>0,"USADA","LIBRE") -> LIBRE
A829: 3005 | B829: 10.150.1.66 | C829: =IF(COUNTIF(Servidores!E:E,B829)>0,"USADA","LIBRE") -> LIBRE
A830: 3005 | B830: 10.150.1.67 | C830: =IF(COUNTIF(Servidores!E:E,B830)>0,"USADA","LIBRE") -> LIBRE
A831: 3005 | B831: 10.150.1.68 | C831: =IF(COUNTIF(Servidores!E:E,B831)>0,"USADA","LIBRE") -> LIBRE
A832: 3005 | B832: 10.150.1.69 | C832: =IF(COUNTIF(Servidores!E:E,B832)>0,"USADA","LIBRE") -> LIBRE
A833: 3005 | B833: 10.150.1.70 | C833: =IF(COUNTIF(Servidores!E:E,B833)>0,"USADA","LIBRE") -> LIBRE
A834: 3005 | B834: 10.150.1.71 | C834: =IF(COUNTIF(Servidores!E:E,B834)>0,"USADA","LIBRE") -> LIBRE
A835: 3005 | B835: 10.150.1.72 | C835: =IF(COUNTIF(Servidores!E:E,B835)>0,"USADA","LIBRE") -> LIBRE
A836: 3005 | B836: 10.150.1.73 | C836: =IF(COUNTIF(Servidores!E:E,B836)>0,"USADA","LIBRE") -> LIBRE
A837: 3005 | B837: 10.150.1.74 | C837: =IF(COUNTIF(Servidores!E:E,B837)>0,"USADA","LIBRE") -> LIBRE
A838: 3005 | B838: 10.150.1.75 | C838: =IF(COUNTIF(Servidores!E:E,B838)>0,"USADA","LIBRE") -> LIBRE
... A888: 3005 | B888: 10.150.1.125 | C888: =IF(COUNTIF(Servidores!E:E,B888)>0,"USADA","LIBRE") -> LIBRE
A889: 3005 | B889: 10.150.1.126 | C889: =IF(COUNTIF(Servidores!E:E,B889)>0,"USADA","LIBRE") -> LIBRE | D889: Gateway
A890: 3005 | B890: 10.150.1.127 | C890: =IF(COUNTIF(Servidores!E:E,B890)>0,"USADA","LIBRE") -> LIBRE | D890: Broadcast
A891: 3006 | B891: 10.150.1.128 | C891: =IF(COUNTIF(Servidores!E:E,B891)>0,"USADA","LIBRE") -> LIBRE
A892: 3006 | B892: 10.150.1.129 | C892: =IF(COUNTIF(Servidores!E:E,B892)>0,"USADA","LIBRE") -> LIBRE
A893: 3006 | B893: 10.150.1.130 | C893: =IF(COUNTIF(Servidores!E:E,B893)>0,"USADA","LIBRE") -> LIBRE
A894: 3006 | B894: 10.150.1.131 | C894: =IF(COUNTIF(Servidores!E:E,B894)>0,"USADA","LIBRE") -> LIBRE
A895: 3006 | B895: 10.150.1.132 | C895: =IF(COUNTIF(Servidores!E:E,B895)>0,"USADA","LIBRE") -> LIBRE
A896: 3006 | B896: 10.150.1.133 | C896: =IF(COUNTIF(Servidores!E:E,B896)>0,"USADA","LIBRE") -> LIBRE
A897: 3006 | B897: 10.150.1.134 | C897: =IF(COUNTIF(Servidores!E:E,B897)>0,"USADA","LIBRE") -> LIBRE
A898: 3006 | B898: 10.150.1.135 | C898: =IF(COUNTIF(Servidores!E:E,B898)>0,"USADA","LIBRE") -> LIBRE
A899: 3006 | B899: 10.150.1.136 | C899: =IF(COUNTIF(Servidores!E:E,B899)>0,"USADA","LIBRE") -> LIBRE
A900: 3006 | B900: 10.150.1.137 | C900: =IF(COUNTIF(Servidores!E:E,B900)>0,"USADA","LIBRE") -> LIBRE
...
